alpha, beta, Norm from generator, Norm, obusl
1,10,2039.33,855.422,4.35132e+06
1,100,15448.5,15448.5,3.62743e+08
1,1000,37924.1,37924.1,8.98615e+09
0.1,10,154485,154485,3.62743e+08
0.01,10,3.79241e+06,1.45605e+06,8.98615e+09
0.001,10,4.43066e+07,1.6587e+07,1.0508e+11
